"seqnames","start","end"
"chr7",76193184,76221285
"chr7",76193616,76193943
"chr7",76194703,76238742
"chr7",76194811,76211044
"chr7",76194811,76213241
"chr7",76194811,76284408
"chr7",76194856,76211089
"chr7",76194856,76231028
"chr7",76195179,76218936
"chr7",76195211,76214857
"chr7",76195328,76222846
"chr7",76195950,76196906
"chr7",76195950,76198908
"chr7",76195950,76198951
"chr7",76196189,76197831
"chr7",76196189,76240402
"chr7",76197353,76210897
"chr7",76197365,76271518
"chr7",76197430,76198908
"chr7",76197489,76216208
"chr7",76198547,76198908
"chr7",76200806,76250186
"chr7",76201308,76215515
"chr7",76201451,76230999
"chr7",76201451,76255696
"chr7",76201465,76213897
"chr7",76202027,76235201
"chr7",76202043,76213458
"chr7",76202043,76235027
"chr7",76202056,76235041
"chr7",76202063,76235027
"chr7",76202063,76248187
"chr7",76202068,76204575
"chr7",76202068,76207573
"chr7",76202068,76209218
"chr7",76202068,76212185
"chr7",76202068,76216788
"chr7",76202068,76220511
"chr7",76202068,76226635
"chr7",76202068,76231476
"chr7",76202068,76231743
"chr7",76202068,76232117
"chr7",76202068,76233378
"chr7",76202068,76234904
"chr7",76202068,76234949
"chr7",76202068,76235027
"chr7",76202068,76235033
"chr7",76202068,76235041
"chr7",76202068,76235055
"chr7",76202068,76248187
"chr7",76202825,76286238
"chr7",76203362,76235027
"chr7",76205244,76232563
"chr7",76205292,76210884
"chr7",76205292,76238742
"chr7",76205292,76247776
"chr7",76205292,76250313
"chr7",76205298,76245783
"chr7",76205337,76207188
"chr7",76205369,76206166
"chr7",76205369,76255308
"chr7",76205459,76216055
"chr7",76207206,76226861
"chr7",76208062,76208101
"chr7",76208604,76240389
"chr7",76208629,76270563
"chr7",76208640,76208693
"chr7",76208710,76237281
"chr7",76208710,76253038
"chr7",76208846,76208930
"chr7",76208864,76208915
"chr7",76208997,76230412
"chr7",76209029,76257702
"chr7",76209486,76235027
"chr7",76209735,76272465
"chr7",76209992,76210018
"chr7",76210595,76248187
"chr7",76210891,76245783
"chr7",76210898,76213104
"chr7",76210898,76218949
"chr7",76210898,76270721
"chr7",76210923,76217404
"chr7",76210923,76230822
"chr7",76210946,76212291
"chr7",76210950,76219001
"chr7",76210950,76228016
"chr7",76210956,76215951
"chr7",76211045,76221594
"chr7",76211318,76235027
"chr7",76211501,76235027
"chr7",76212292,76250186
"chr7",76212292,76251517
"chr7",76212406,76212717
"chr7",76212671,76222817
"chr7",76212680,76221265
"chr7",76212680,76254528
"chr7",76213242,76219720
"chr7",76213242,76241127
"chr7",76213242,76266100
"chr7",76213913,76215940
"chr7",76213913,76241646
"chr7",76214545,76261873
"chr7",76215484,76215709
"chr7",76215893,76221457
"chr7",76215929,76252545
"chr7",76215941,76221200
"chr7",76215941,76221505
"chr7",76215941,76247837
"chr7",76216867,76220511
"chr7",76216867,76231476
"chr7",76216867,76235027
"chr7",76217516,76266100
"chr7",76218998,76241040
"chr7",76219696,76244311
"chr7",76220796,76258030
"chr7",76221286,76228100
"chr7",76221598,76255384
"chr7",76221692,76270648
"chr7",76221700,76235027
"chr7",76222318,76270717
"chr7",76222344,76258643
"chr7",76222781,76255308
"chr7",76222858,76270551
"chr7",76223165,76251560
"chr7",76224321,76232374
"chr7",76224455,76235027
"chr7",76225294,76272257
"chr7",76226091,76267270
"chr7",76226631,76255190
"chr7",76226754,76236122
"chr7",76226909,76235027
"chr7",76227748,76258826
"chr7",76227759,76231476
"chr7",76227759,76235027
"chr7",76228498,76256279
"chr7",76228498,76278259
"chr7",76228599,76271518
"chr7",76228623,76257505
"chr7",76229046,76264313
"chr7",76229131,76251606
"chr7",76229131,76266100
"chr7",76229153,76235745
"chr7",76229832,76229863
"chr7",76229832,76239120
"chr7",76229983,76246366
"chr7",76230525,76271206
"chr7",76230601,76270926
"chr7",76230797,76270736
"chr7",76230833,76270772
"chr7",76230910,76278226
"chr7",76230932,76247876
"chr7",76230982,76250464
"chr7",76230982,76266903
"chr7",76231231,76269996
"chr7",76231819,76232117
"chr7",76231819,76235027
"chr7",76232247,76235027
"chr7",76232306,76252945
"chr7",76232311,76248765
"chr7",76232408,76257605
"chr7",76232447,76253495
"chr7",76232502,76237335
"chr7",76232502,76256436
"chr7",76232502,76272581
"chr7",76232508,76255201
"chr7",76232508,76258979
"chr7",76232557,76270959
"chr7",76232715,76235027
"chr7",76233043,76270849
"chr7",76233043,76271208
"chr7",76233072,76257519
"chr7",76233201,76279007
"chr7",76233408,76283084
"chr7",76233470,76235027
"chr7",76233773,76282762
"chr7",76233846,76233872
"chr7",76233864,76271609
"chr7",76234161,76235027
"chr7",76234417,76235027
"chr7",76234558,76235027
"chr7",76234858,76234949
"chr7",76235069,76235105
"chr7",76235069,76235143
"chr7",76235098,76271255
"chr7",76235202,76259948
"chr7",76235274,76236734
"chr7",76235300,76236535
"chr7",76235300,76245214
"chr7",76235300,76245740
"chr7",76235300,76246791
"chr7",76235300,76247876
"chr7",76235300,76247879
"chr7",76235300,76248187
"chr7",76235300,76254984
"chr7",76235300,76255875
"chr7",76235300,76259795
"chr7",76235300,76259905
"chr7",76235300,76264764
"chr7",76235327,76248187
"chr7",76235775,76239244
"chr7",76235793,76274892
"chr7",76235881,76239577
"chr7",76235881,76271518
"chr7",76235893,76285177
"chr7",76235910,76270717
"chr7",76235942,76256442
"chr7",76235942,76258649
"chr7",76236053,76257490
"chr7",76236053,76270415
"chr7",76236086,76248751
"chr7",76236086,76252937
"chr7",76236098,76242271
"chr7",76236098,76257555
"chr7",76236185,76270849
"chr7",76236245,76242382
"chr7",76236713,76265363
"chr7",76236858,76238190
"chr7",76237035,76272471
"chr7",76237053,76263646
"chr7",76237137,76271335
"chr7",76237148,76238819
"chr7",76237148,76278226
"chr7",76237305,76272465
"chr7",76237336,76256442
"chr7",76237342,76246499
"chr7",76237352,76248877
"chr7",76237383,76270790
"chr7",76237511,76270910
"chr7",76237511,76272587
"chr7",76237511,76272830
"chr7",76237676,76286026
"chr7",76237777,76284603
"chr7",76237777,76284649
"chr7",76237786,76285668
"chr7",76238181,76286753
"chr7",76238315,76257865
"chr7",76238330,76270222
"chr7",76238706,76255194
"chr7",76238743,76241585
"chr7",76238775,76272618
"chr7",76238784,76272458
"chr7",76238788,76272494
"chr7",76238820,76254611
"chr7",76238893,76239264
"chr7",76238893,76245928
"chr7",76238893,76255379
"chr7",76238893,76266100
"chr7",76239115,76250313
"chr7",76239265,76285294
"chr7",76239283,76285177
"chr7",76239312,76250511
"chr7",76239312,76284455
"chr7",76239436,76278226
"chr7",76239436,76278992
"chr7",76239562,76272426
"chr7",76239578,76271518
"chr7",76239593,76263614
"chr7",76239607,76253067
"chr7",76239607,76258947
"chr7",76239607,76259480
"chr7",76239607,76271547
"chr7",76239607,76272555
"chr7",76239664,76255437
"chr7",76239780,76239903
"chr7",76239904,76278226
"chr7",76239937,76248751
"chr7",76240025,76270672
"chr7",76240096,76240549
"chr7",76240096,76272581
"chr7",76240253,76240389
"chr7",76240253,76270444
"chr7",76240253,76271237
"chr7",76240524,76256410
"chr7",76240593,76271615
"chr7",76240979,76250313
"chr7",76240979,76256791
"chr7",76241041,76254595
"chr7",76241133,76245933
"chr7",76241146,76252570
"chr7",76242254,76270444
"chr7",76242254,76270580
"chr7",76242267,76256288
"chr7",76242267,76270457
"chr7",76242267,76270593
"chr7",76242267,76271250
"chr7",76242267,76279034
"chr7",76242272,76251849
"chr7",76242272,76253406
"chr7",76242292,76252970
"chr7",76242292,76270482
"chr7",76242292,76278293
"chr7",76242360,76256381
"chr7",76242360,76258918
"chr7",76242421,76258649
"chr7",76242421,76288872
"chr7",76242911,76243061
"chr7",76243079,76268890
"chr7",76243311,76252702
"chr7",76243854,76286946
"chr7",76244018,76259915
"chr7",76244294,76270444
"chr7",76244307,76270593
"chr7",76244312,76258499
"chr7",76244312,76271255
"chr7",76244312,76279039
"chr7",76244400,76262561
"chr7",76244447,76270736
"chr7",76244460,76263808
"chr7",76244460,76271412
"chr7",76244544,76288173
"chr7",76245300,76257865
"chr7",76245791,76254413
"chr7",76245839,76248187
"chr7",76245839,76256852
"chr7",76245929,76292830
"chr7",76245947,76252570
"chr7",76245947,76270366
"chr7",76245947,76270551
"chr7",76245947,76270593
"chr7",76245947,76285312
"chr7",76245953,76270482
"chr7",76245999,76248187
"chr7",76246081,76247590
"chr7",76246351,76258499
"chr7",76246423,76270672
"chr7",76246423,76279117
"chr7",76246494,76296334
"chr7",76246500,76258649
"chr7",76246500,76258979
"chr7",76246500,76270749
"chr7",76246500,76270910
"chr7",76246500,76271578
"chr7",76246536,76262787
"chr7",76246536,76271614
"chr7",76246536,76272366
"chr7",76246536,76272623
"chr7",76246746,76285962
"chr7",76246900,76248187
"chr7",76247112,76247717
"chr7",76247112,76248187
"chr7",76247164,76286495
"chr7",76247464,76248187
"chr7",76247796,76248187
"chr7",76248064,76248187
"chr7",76248170,76285726
"chr7",76248277,76259948
"chr7",76248290,76248684
"chr7",76248290,76250068
"chr7",76248290,76250255
"chr7",76248290,76250415
"chr7",76248290,76250684
"chr7",76248290,76250689
"chr7",76248290,76250850
"chr7",76248290,76252366
"chr7",76248290,76253688
"chr7",76248290,76254206
"chr7",76248290,76254363
"chr7",76248290,76254984
"chr7",76248290,76255170
"chr7",76248290,76255181
"chr7",76248290,76255830
"chr7",76248290,76255875
"chr7",76248290,76256093
"chr7",76248290,76257839
"chr7",76248290,76258911
"chr7",76248290,76259280
"chr7",76248290,76259307
"chr7",76248290,76259432
"chr7",76248290,76259436
"chr7",76248290,76259684
"chr7",76248290,76259795
"chr7",76248290,76259905
"chr7",76248290,76260116
"chr7",76248290,76260873
"chr7",76248290,76264764
"chr7",76248290,76267257
"chr7",76248290,76285614
"chr7",76248294,76259905
"chr7",76248302,76254998
"chr7",76248378,76248410
"chr7",76248445,76286559
"chr7",76248523,76269996
"chr7",76248658,76259307
"chr7",76248712,76252552
"chr7",76248766,76262292
"chr7",76248766,76263646
"chr7",76248766,76270598
"chr7",76248773,76257683
"chr7",76248773,76259354
"chr7",76248773,76265658
"chr7",76248870,76271223
"chr7",76248878,76272549
"chr7",76248916,76270749
"chr7",76248916,76270910
"chr7",76248916,76275041
"chr7",76248916,76277633
"chr7",76249134,76270343
"chr7",76249137,76270362
"chr7",76249137,76270427
"chr7",76249140,76270430
"chr7",76249155,76257519
"chr7",76249155,76270329
"chr7",76249155,76270444
"chr7",76249155,76286695
"chr7",76249205,76259905
"chr7",76249261,76258918
"chr7",76249309,76250125
"chr7",76249322,76270749
"chr7",76249322,76272471
"chr7",76249322,76272587
"chr7",76249322,76277633
"chr7",76249322,76289935
"chr7",76249373,76272643
"chr7",76250126,76250313
"chr7",76250283,76258690
"chr7",76250283,76270790
"chr7",76250293,76270921
"chr7",76250352,76290805
"chr7",76250440,76253249
"chr7",76250440,76262622
"chr7",76250465,76254548
"chr7",76250465,76255379
"chr7",76250465,76256940
"chr7",76250465,76285294
"chr7",76250470,76250689
"chr7",76250470,76253255
"chr7",76250668,76258882
"chr7",76250804,76259905
"chr7",76251401,76253604
"chr7",76251420,76265913
"chr7",76251457,76255231
"chr7",76251457,76256791
"chr7",76251506,76252545
"chr7",76251607,76266100
"chr7",76251610,76292835
"chr7",76251619,76270457
"chr7",76251619,76290930
"chr7",76251619,76292980
"chr7",76251693,76252926
"chr7",76251699,76258483
"chr7",76251699,76272471
"chr7",76251699,76275983
"chr7",76251724,76272355
"chr7",76251724,76272497
"chr7",76251803,76271208
"chr7",76251835,76255359
"chr7",76251844,76270457
"chr7",76251850,76272489
"chr7",76251975,76270878
"chr7",76252001,76258643
"chr7",76252245,76282735
"chr7",76252285,76258362
"chr7",76252442,76252970
"chr7",76252449,76253050
"chr7",76252514,76270444
"chr7",76252558,76284462
"chr7",76252571,76286064
"chr7",76252571,76297215
"chr7",76252788,76257865
"chr7",76252933,76253255
"chr7",76252933,76270444
"chr7",76252951,76258499
"chr7",76253011,76258558
"chr7",76253011,76270657
"chr7",76253011,76277539
"chr7",76253054,76278241
"chr7",76253216,76255384
"chr7",76253256,76262590
"chr7",76253256,76270878
"chr7",76253256,76271237
"chr7",76253256,76272555
"chr7",76253256,76278255
"chr7",76253269,76271250
"chr7",76253313,76270501
"chr7",76253362,76271208
"chr7",76253395,76256279
"chr7",76253395,76262278
"chr7",76253395,76270253
"chr7",76253395,76270326
"chr7",76253407,76270329
"chr7",76253407,76270339
"chr7",76253482,76292786
"chr7",76253485,76272471
"chr7",76253496,76258918
"chr7",76253496,76270551
"chr7",76253496,76288328
"chr7",76253503,76254432
"chr7",76253511,76258469
"chr7",76253538,76270668
"chr7",76253594,76272624
"chr7",76253733,76272587
"chr7",76253818,76269554
"chr7",76254098,76264248
"chr7",76254112,76254979
"chr7",76254426,76258966
"chr7",76254426,76270897
"chr7",76254426,76275028
"chr7",76255108,76255875
"chr7",76255108,76256093
"chr7",76255108,76257823
"chr7",76255108,76257839
"chr7",76255108,76259307
"chr7",76255108,76259795
"chr7",76255108,76259806
"chr7",76255108,76259905
"chr7",76255245,76284269
"chr7",76255380,76256940
"chr7",76255380,76266903
"chr7",76255380,76284408
"chr7",76255380,76285294
"chr7",76255380,76292830
"chr7",76255380,76295405
"chr7",76255562,76257660
"chr7",76255569,76256093
"chr7",76255619,76258558
"chr7",76255625,76275869
"chr7",76255903,76259905
"chr7",76255907,76256093
"chr7",76255907,76257839
"chr7",76255907,76259307
"chr7",76255907,76259905
"chr7",76256007,76256093
"chr7",76256007,76259905
"chr7",76256221,76271182
"chr7",76256226,76256987
"chr7",76256245,76256973
"chr7",76256280,76272559
"chr7",76256289,76270457
"chr7",76256289,76270593
"chr7",76256289,76278268
"chr7",76256314,76270482
"chr7",76256326,76259905
"chr7",76256368,76272497
"chr7",76256378,76288324
"chr7",76256382,76258918
"chr7",76256382,76259451
"chr7",76256397,76279007
"chr7",76256443,76270910
"chr7",76256501,76257865
"chr7",76256853,76259905
"chr7",76256853,76266815
"chr7",76256941,76295405
"chr7",76256988,76285206
"chr7",76257491,76270415
"chr7",76257491,76274845
"chr7",76257564,76279047
"chr7",76257627,76272422
"chr7",76257677,76262409
"chr7",76257677,76270878
"chr7",76257677,76271237
"chr7",76257677,76271547
"chr7",76257677,76272555
"chr7",76257702,76259373
"chr7",76257710,76259284
"chr7",76257757,76257839
"chr7",76257765,76257865
"chr7",76257842,76271038
"chr7",76257847,76258362
"chr7",76257906,76259905
"chr7",76257944,76257983
"chr7",76257966,76271694
"chr7",76257973,76258034
"chr7",76257988,76258918
"chr7",76257990,76258918
"chr7",76258053,76268758
"chr7",76258094,76286075
"chr7",76258115,76259905
"chr7",76258140,76258216
"chr7",76258187,76258397
"chr7",76258217,76258241
"chr7",76258242,76258397
"chr7",76258266,76258303
"chr7",76258304,76258386
"chr7",76258371,76258397
"chr7",76258439,76289736
"chr7",76258478,76259342
"chr7",76258484,76296532
"chr7",76258500,76270598
"chr7",76258500,76296548
"chr7",76258575,76292786
"chr7",76258589,76258918
"chr7",76258589,76270551
"chr7",76258612,76272549
"chr7",76258644,76285108
"chr7",76258656,76286331
"chr7",76258839,76272484
"chr7",76258919,76278361
"chr7",76258934,76278241
"chr7",76258942,76270872
"chr7",76258942,76277595
"chr7",76258980,76270749
"chr7",76258980,76270910
"chr7",76258980,76272549
"chr7",76258980,76272587
"chr7",76258980,76275041
"chr7",76258980,76279194
"chr7",76258991,76259307
"chr7",76258991,76259795
"chr7",76258991,76259905
"chr7",76258991,76272598
"chr7",76259077,76259319
"chr7",76259077,76260186
"chr7",76259077,76260372
"chr7",76259077,76264684
"chr7",76259077,76282945
"chr7",76259360,76263641
"chr7",76259366,76265669
"chr7",76259398,76259795
"chr7",76259398,76259905
"chr7",76259620,76259905
"chr7",76259773,76286525
"chr7",76260029,76260116
"chr7",76260029,76260137
"chr7",76260029,76260165
"chr7",76260029,76260873
"chr7",76260035,76260116
"chr7",76260035,76260123
"chr7",76260035,76260134
"chr7",76260035,76260137
"chr7",76260035,76260159
"chr7",76260035,76260873
"chr7",76260035,76261351
"chr7",76260035,76261545
"chr7",76260198,76260630
"chr7",76260198,76260678
"chr7",76260198,76260799
"chr7",76260198,76260873
"chr7",76260198,76260880
"chr7",76260198,76260882
"chr7",76260198,76261351
"chr7",76260198,76264764
"chr7",76260211,76260887
"chr7",76260238,76260873
"chr7",76260238,76260880
"chr7",76260238,76261351
"chr7",76260289,76260873
"chr7",76260359,76282963
"chr7",76260437,76260506
"chr7",76260525,76283054
"chr7",76260537,76286064
"chr7",76260887,76261335
"chr7",76260904,76261280
"chr7",76260904,76261320
"chr7",76260904,76261351
"chr7",76260904,76261545
"chr7",76260904,76264764
"chr7",76260904,76265414
"chr7",76260920,76261368
"chr7",76261087,76271700
"chr7",76261415,76261515
"chr7",76261415,76261524
"chr7",76261415,76261545
"chr7",76261415,76264764
"chr7",76261582,76261712
"chr7",76261582,76261716
"chr7",76261582,76264698
"chr7",76261582,76264764
"chr7",76261582,76264773
"chr7",76261582,76264788
"chr7",76261582,76267257
"chr7",76261582,76271108
"chr7",76261582,76285614
"chr7",76261608,76264764
"chr7",76261734,76270257
"chr7",76261833,76264764
"chr7",76261941,76275776
"chr7",76261986,76262145
"chr7",76262047,76262167
"chr7",76262184,76262409
"chr7",76262279,76278259
"chr7",76262293,76271255
"chr7",76262293,76272489
"chr7",76262381,76262690
"chr7",76262396,76270566
"chr7",76262404,76262713
"chr7",76262433,76272578
"chr7",76262442,76270910
"chr7",76262442,76277456
"chr7",76262442,76296714
"chr7",76262540,76288507
"chr7",76262546,76275077
"chr7",76262562,76262690
"chr7",76262562,76271208
"chr7",76262591,76270444
"chr7",76262647,76270636
"chr7",76262666,76287949
"chr7",76262720,76270717
"chr7",76262720,76270878
"chr7",76262720,76271547
"chr7",76262720,76272555
"chr7",76262720,76275009
"chr7",76263452,76264764
"chr7",76263600,76270415
"chr7",76263600,76270551
"chr7",76263629,76274874
"chr7",76263629,76275843
"chr7",76263633,76277466
"chr7",76263748,76270849
"chr7",76263764,76270865
"chr7",76263796,76279181
"chr7",76263809,76270910
"chr7",76263846,76275078
"chr7",76264262,76270885
"chr7",76264389,76290909
"chr7",76264774,76268687
"chr7",76264774,76286152
"chr7",76264816,76265326
"chr7",76264816,76265339
"chr7",76264816,76265363
"chr7",76264816,76265374
"chr7",76264816,76265383
"chr7",76264816,76265390
"chr7",76264816,76265447
"chr7",76264816,76266774
"chr7",76264816,76266854
"chr7",76264816,76267257
"chr7",76264816,76269637
"chr7",76264816,76273268
"chr7",76264816,76275122
"chr7",76264816,76275706
"chr7",76264816,76278961
"chr7",76264816,76280054
"chr7",76264816,76280340
"chr7",76264816,76280613
"chr7",76264816,76281440
"chr7",76264816,76285614
"chr7",76264825,76265372
"chr7",76264825,76267252
"chr7",76264914,76271647
"chr7",76265121,76271237
"chr7",76265121,76275009
"chr7",76265259,76265363
"chr7",76265447,76267257
"chr7",76265459,76285639
"chr7",76265469,76266717
"chr7",76265469,76266854
"chr7",76265469,76267209
"chr7",76265469,76267257
"chr7",76265469,76269637
"chr7",76265469,76272422
"chr7",76265469,76273042
"chr7",76265469,76273268
"chr7",76265469,76276274
"chr7",76265469,76278961
"chr7",76265469,76280054
"chr7",76265469,76281440
"chr7",76265469,76285614
"chr7",76265607,76268827
"chr7",76265623,76270551
"chr7",76266117,76292848
"chr7",76266123,76285318
"chr7",76266918,76277496
"chr7",76267055,76282967
"chr7",76267144,76267257
"chr7",76267241,76268175
"chr7",76267326,76267358
"chr7",76267326,76267558
"chr7",76267436,76268032
"chr7",76267436,76268475
"chr7",76267436,76268543
"chr7",76267436,76268617
"chr7",76267436,76269637
"chr7",76267436,76269785
"chr7",76267436,76269835
"chr7",76267436,76271858
"chr7",76267436,76271944
"chr7",76267436,76272422
"chr7",76267436,76273042
"chr7",76267436,76273268
"chr7",76267436,76273487
"chr7",76267436,76273505
"chr7",76267436,76273545
"chr7",76267436,76273585
"chr7",76267436,76273741
"chr7",76267436,76273844
"chr7",76267436,76275834
"chr7",76267436,76276245
"chr7",76267436,76278961
"chr7",76267436,76280054
"chr7",76267436,76280057
"chr7",76267436,76280340
"chr7",76267436,76280613
"chr7",76267436,76281440
"chr7",76267436,76281443
"chr7",76267436,76281448
"chr7",76267436,76281463
"chr7",76267436,76285614
"chr7",76267436,76286354
"chr7",76267440,76268032
"chr7",76267440,76280054
"chr7",76267440,76280057
"chr7",76267481,76267617
"chr7",76267569,76282762
"chr7",76267574,76273409
"chr7",76267614,76277353
"chr7",76267618,76267698
"chr7",76267729,76269637
"chr7",76267729,76280054
"chr7",76267760,76267802
"chr7",76267776,76267819
"chr7",76267897,76268090
"chr7",76267907,76268155
"chr7",76268092,76268115
"chr7",76268095,76268135
"chr7",76268112,76268199
"chr7",76268190,76268419
"chr7",76268196,76269211
"chr7",76268196,76269637
"chr7",76268196,76281440
"chr7",76268196,76281463
"chr7",76268200,76268220
"chr7",76268200,76268621
"chr7",76268200,76269637
"chr7",76268240,76268303
"chr7",76268315,76269637
"chr7",76268317,76269029
"chr7",76268338,76268488
"chr7",76268363,76268419
"chr7",76268371,76268439
"chr7",76268471,76268506
"chr7",76268471,76268612
"chr7",76268514,76286658
"chr7",76268529,76269637
"chr7",76268539,76269637
"chr7",76268662,76268818
"chr7",76268662,76269637
"chr7",76268708,76269074
"chr7",76268717,76268812
"chr7",76268724,76281463
"chr7",76268791,76269477
"chr7",76268813,76268840
"chr7",76268819,76268842
"chr7",76268819,76268851
"chr7",76268868,76269451
"chr7",76268893,76268932
"chr7",76268933,76269074
"chr7",76269014,76269055
"chr7",76269014,76269637
"chr7",76269199,76286443
"chr7",76269219,76273249
"chr7",76269224,76272426
"chr7",76269243,76283688
"chr7",76269304,76269358
"chr7",76269385,76284512
"chr7",76269534,76270343
"chr7",76269534,76271103
"chr7",76269534,76272242
"chr7",76269613,76269684
"chr7",76269653,76271105
"chr7",76269653,76271944
"chr7",76269653,76273388
"chr7",76269653,76280054
"chr7",76269653,76281463
"chr7",76269656,76269785
"chr7",76269656,76269835
"chr7",76269656,76269968
"chr7",76269656,76270010
"chr7",76269656,76271700
"chr7",76269656,76271944
"chr7",76269656,76272422
"chr7",76269656,76272426
"chr7",76269656,76273042
"chr7",76269656,76273268
"chr7",76269656,76273279
"chr7",76269656,76273305
"chr7",76269656,76273388
"chr7",76269656,76273391
"chr7",76269656,76273487
"chr7",76269656,76273545
"chr7",76269656,76273564
"chr7",76269656,76273585
"chr7",76269656,76273741
"chr7",76269656,76273974
"chr7",76269656,76276245
"chr7",76269656,76280054
"chr7",76269656,76281440
"chr7",76269656,76281448
"chr7",76269656,76281463
"chr7",76269656,76281718
"chr7",76269656,76285614
"chr7",76269676,76273284
"chr7",76269679,76286218
"chr7",76269688,76273268
"chr7",76269688,76273279
"chr7",76269688,76273388
"chr7",76269688,76273545
"chr7",76269688,76274015
"chr7",76269688,76280054
"chr7",76269688,76281440
"chr7",76269701,76269835
"chr7",76269701,76273545
"chr7",76269701,76275837
"chr7",76269701,76280057
"chr7",76269701,76281440
"chr7",76269701,76281443
"chr7",76269727,76281440
"chr7",76269752,76269795
"chr7",76269752,76273249
"chr7",76269756,76273498
"chr7",76269770,76280040
"chr7",76269822,76273547
"chr7",76269832,76272542
"chr7",76269930,76271997
"chr7",76270021,76270078
"chr7",76270051,76271534
"chr7",76270057,76270078
"chr7",76270057,76270104
"chr7",76270063,76270405
"chr7",76270106,76272315
"chr7",76270177,76270199
"chr7",76270217,76272733
"chr7",76270266,76271541
"chr7",76270317,76279156
"chr7",76270344,76270403
"chr7",76270357,76270438
"chr7",76270372,76272422
"chr7",76270372,76273042
"chr7",76270409,76285312
"chr7",76270416,76270551
"chr7",76270416,76271208
"chr7",76270424,76285312
"chr7",76270439,76270872
"chr7",76270440,76284408
"chr7",76270458,76270551
"chr7",76270458,76270593
"chr7",76270458,76272484
"chr7",76270458,76275996
"chr7",76270458,76278268
"chr7",76270458,76287885
"chr7",76270458,76289916
"chr7",76270458,76293961
"chr7",76270483,76270618
"chr7",76270483,76271275
"chr7",76270483,76274912
"chr7",76270483,76285362
"chr7",76270545,76285312
"chr7",76270552,76270688
"chr7",76270552,76271208
"chr7",76270576,76284408
"chr7",76270576,76292830
"chr7",76270581,76270749
"chr7",76270581,76270878
"chr7",76270581,76270910
"chr7",76270581,76271237
"chr7",76270581,76278255
"chr7",76270581,76284413
"chr7",76270585,76270882
"chr7",76270594,76270849
"chr7",76270594,76278268
"chr7",76270594,76287885
"chr7",76270594,76293961
"chr7",76270599,76270878
"chr7",76270599,76271255
"chr7",76270599,76275009
"chr7",76270599,76277480
"chr7",76270599,76296215
"chr7",76270673,76292810
"chr7",76270704,76278241
"chr7",76270718,76270743
"chr7",76270737,76270897
"chr7",76270737,76271566
"chr7",76270737,76272574
"chr7",76270737,76278409
"chr7",76270737,76279181
"chr7",76270737,76289922
"chr7",76270737,76292823
"chr7",76270750,76270910
"chr7",76270750,76272355
"chr7",76270780,76285096
"chr7",76270787,76270947
"chr7",76270850,76274980
"chr7",76270865,76271223
"chr7",76270865,76274996
"chr7",76270865,76287858
"chr7",76270865,76295288
"chr7",76270873,76272465
"chr7",76270879,76271010
"chr7",76270879,76275392
"chr7",76270905,76275016
"chr7",76270911,76271578
"chr7",76270911,76274874
"chr7",76270911,76274906
"chr7",76270911,76275003
"chr7",76270911,76275009
"chr7",76270911,76275041
"chr7",76270911,76288872
"chr7",76270911,76294118
"chr7",76270921,76275003
"chr7",76270930,76274428
"chr7",76271015,76294090
"chr7",76271027,76284294
"chr7",76271112,76271393
"chr7",76271165,76271231
"chr7",76271177,76272603
"chr7",76271188,76271237
"chr7",76271188,76285341
"chr7",76271193,76274829
"chr7",76271202,76274976
"chr7",76271202,76285312
"chr7",76271209,76271351
"chr7",76271209,76271518
"chr7",76271209,76278226
"chr7",76271223,76293900
"chr7",76271256,76271398
"chr7",76271256,76271578
"chr7",76271275,76271449
"chr7",76271301,76272242
"chr7",76271301,76272936
"chr7",76271310,76272398
"chr7",76271327,76271393
"chr7",76271331,76288527
"chr7",76271336,76275847
"chr7",76271348,76285035
"chr7",76271352,76271443
"chr7",76271352,76271518
"chr7",76271399,76277448
"chr7",76271413,76271578
"chr7",76271414,76271438
"chr7",76271414,76271449
"chr7",76271450,76271615
"chr7",76271450,76275461
"chr7",76271508,76285194
"chr7",76271585,76285120
"chr7",76271724,76271777
"chr7",76271778,76271894
"chr7",76271778,76272585
"chr7",76271778,76277466
"chr7",76271839,76272234
"chr7",76271865,76286601
"chr7",76271867,76271905
"chr7",76271867,76272234
"chr7",76271885,76272234
"chr7",76271974,76272603
"chr7",76271994,76272021
"chr7",76272022,76272284
"chr7",76272069,76272097
"chr7",76272098,76272140
"chr7",76272115,76272282
"chr7",76272134,76272284
"chr7",76272213,76272284
"chr7",76272243,76272349
"chr7",76272368,76272508
"chr7",76272389,76273284
"chr7",76272393,76277710
"chr7",76272395,76272936
"chr7",76272443,76297035
"chr7",76272472,76272510
"chr7",76272472,76272555
"chr7",76272472,76275009
"chr7",76272472,76275983
"chr7",76272484,76272683
"chr7",76272510,76272555
"chr7",76272527,76275954
"chr7",76272527,76288328
"chr7",76272550,76272581
"chr7",76272588,76279194
"chr7",76272598,76285108
"chr7",76272629,76288913
"chr7",76272643,76276071
"chr7",76272706,76272736
"chr7",76272738,76272818
"chr7",76272752,76272818
"chr7",76272758,76272838
"chr7",76272761,76273088
"chr7",76272765,76286352
"chr7",76272855,76272976
"chr7",76272855,76273029
"chr7",76272855,76273088
"chr7",76273030,76273088
"chr7",76273045,76273072
"chr7",76273053,76273088
"chr7",76273055,76273088
"chr7",76273077,76273249
"chr7",76273085,76273168
"chr7",76273089,76273168
"chr7",76273089,76273249
"chr7",76273092,76273127
"chr7",76273101,76284904
"chr7",76273106,76273202
"chr7",76273120,76273185
"chr7",76273121,76273168
"chr7",76273147,76273249
"chr7",76273169,76273202
"chr7",76273191,76273249
"chr7",76273195,76278111
"chr7",76273203,76273249
"chr7",76273206,76273284
"chr7",76273210,76273249
"chr7",76273212,76273249
"chr7",76273254,76297094
"chr7",76273294,76297089
"chr7",76273367,76273489
"chr7",76273479,76276169
"chr7",76273581,76280040
"chr7",76273596,76273741
"chr7",76273596,76273844
"chr7",76273596,76273974
"chr7",76273596,76274015
"chr7",76273596,76274048
"chr7",76273596,76274083
"chr7",76273596,76275246
"chr7",76273596,76275706
"chr7",76273596,76275834
"chr7",76273596,76276242
"chr7",76273596,76276245
"chr7",76273596,76276257
"chr7",76273596,76276274
"chr7",76273596,76276298
"chr7",76273596,76276934
"chr7",76273596,76278808
"chr7",76273596,76278961
"chr7",76273596,76280054
"chr7",76273596,76280057
"chr7",76273596,76280061
"chr7",76273596,76280340
"chr7",76273596,76280613
"chr7",76273596,76281440
"chr7",76273596,76281443
"chr7",76273596,76282647
"chr7",76273596,76282822
"chr7",76273596,76283337
"chr7",76273596,76285614
"chr7",76273616,76281440
"chr7",76273800,76274015
"chr7",76273800,76280054
"chr7",76273800,76281440
"chr7",76273867,76273929
"chr7",76274069,76274111
"chr7",76274112,76274170
"chr7",76274201,76276245
"chr7",76274201,76278961
"chr7",76274201,76280054
"chr7",76274421,76274443
"chr7",76274804,76285339
"chr7",76274830,76285341
"chr7",76274835,76285348
"chr7",76274846,76284401
"chr7",76274846,76285308
"chr7",76274862,76274996
"chr7",76274875,76275983
"chr7",76274875,76284413
"chr7",76274875,76287872
"chr7",76274893,76275861
"chr7",76275364,76275954
"chr7",76275393,76277462
"chr7",76275682,76275720
"chr7",76275721,76276245
"chr7",76275721,76280054
"chr7",76275815,76284426
"chr7",76275815,76287978
"chr7",76275978,76276015
"chr7",76276002,76276038
"chr7",76276275,76276298
"chr7",76276382,76280054
"chr7",76276509,76276592
"chr7",76276526,76276934
"chr7",76276526,76278808
"chr7",76276526,76280054
"chr7",76276526,76281440
"chr7",76276542,76276592
"chr7",76276601,76276759
"chr7",76276825,76280054
"chr7",76276828,76277190
"chr7",76277124,76277649
"chr7",76277205,76277225
"chr7",76277236,76277327
"chr7",76277236,76277649
"chr7",76277413,76277480
"chr7",76277423,76277466
"chr7",76277436,76284413
"chr7",76277445,76282990
"chr7",76277448,76284426
"chr7",76277467,76277499
"chr7",76277580,76284288
"chr7",76277588,76284288
"chr7",76277628,76277649
"chr7",76277628,76296334
"chr7",76277683,76289984
"chr7",76277784,76277887
"chr7",76277861,76279252
"chr7",76277934,76278152
"chr7",76277970,76279053
"chr7",76277975,76278104
"chr7",76277975,76279055
"chr7",76278038,76279464
"chr7",76278050,76284512
"chr7",76278118,76278205
"chr7",76278137,76278345
"chr7",76278206,76278249
"chr7",76278220,76285312
"chr7",76278227,76278361
"chr7",76278227,76284422
"chr7",76278227,76284426
"chr7",76278229,76284413
"chr7",76278260,76288227
"chr7",76278269,76287885
"chr7",76278269,76293961
"chr7",76278362,76288328
"chr7",76278442,76278516
"chr7",76278448,76287489
"chr7",76278464,76278555
"chr7",76278563,76278846
"chr7",76278822,76278846
"chr7",76278929,76279194
"chr7",76278972,76285341
"chr7",76278978,76285352
"chr7",76278988,76285339
"chr7",76278993,76279133
"chr7",76279016,76279156
"chr7",76279017,76284408
"chr7",76279040,76280054
"chr7",76279078,76280054
"chr7",76279402,76280054
"chr7",76279555,76279636
"chr7",76279557,76280054
"chr7",76279714,76280054
"chr7",76279730,76287001
"chr7",76279954,76280966
"chr7",76280075,76280340
"chr7",76280075,76281440
"chr7",76280075,76281443
"chr7",76280075,76281448
"chr7",76280075,76281463
"chr7",76280075,76282647
"chr7",76280242,76281440
"chr7",76280489,76280787
"chr7",76280648,76281440
"chr7",76280752,76280787
"chr7",76280890,76280945
"chr7",76280891,76284818
"chr7",76280900,76281047
"chr7",76280911,76280973
"chr7",76280915,76280943
"chr7",76280952,76281140
"chr7",76280957,76281092
"chr7",76280969,76286213
"chr7",76280973,76281047
"chr7",76281026,76281061
"chr7",76281036,76281140
"chr7",76281043,76281092
"chr7",76281078,76281140
"chr7",76281102,76281140
"chr7",76281118,76281140
"chr7",76281169,76284775
"chr7",76281272,76289992
"chr7",76281277,76284775
"chr7",76281303,76291525
"chr7",76281346,76281425
"chr7",76281413,76281440
"chr7",76281426,76283983
"chr7",76281465,76282858
"chr7",76281497,76283006
"chr7",76281542,76281703
"chr7",76281562,76281780
"chr7",76281689,76282730
"chr7",76281758,76287172
"chr7",76281803,76282647
"chr7",76281809,76282654
"chr7",76282154,76282216
"chr7",76282439,76286488
"chr7",76282710,76282990
"chr7",76282771,76285692
"chr7",76282777,76282831
"chr7",76282786,76285692
"chr7",76282804,76282973
"chr7",76282843,76285642
"chr7",76282849,76283006
"chr7",76282873,76282963
"chr7",76282873,76282970
"chr7",76282873,76285614
"chr7",76282877,76282970
"chr7",76282877,76283054
"chr7",76283066,76286658
"chr7",76283102,76283523
"chr7",76283102,76283529
"chr7",76283102,76284523
"chr7",76283102,76284739
"chr7",76283102,76284802
"chr7",76283102,76284961
"chr7",76283102,76285381
"chr7",76283102,76285384
"chr7",76283102,76285425
"chr7",76283102,76285429
"chr7",76283102,76285484
"chr7",76283102,76285597
"chr7",76283102,76285614
"chr7",76283102,76285624
"chr7",76283102,76285650
"chr7",76283102,76285668
"chr7",76283102,76285680
"chr7",76283102,76291620
"chr7",76283102,76292028
"chr7",76283111,76285624
"chr7",76283303,76285919
"chr7",76283389,76286709
"chr7",76283554,76283587
"chr7",76283603,76284523
"chr7",76283603,76284739
"chr7",76283603,76285384
"chr7",76283603,76285425
"chr7",76283603,76285614
"chr7",76283611,76285614
"chr7",76283622,76284523
"chr7",76283622,76285384
"chr7",76283622,76285614
"chr7",76283643,76283936
"chr7",76283845,76284523
"chr7",76284019,76285614
"chr7",76284045,76285614
"chr7",76284069,76284092
"chr7",76284226,76288405
"chr7",76284250,76289266
"chr7",76284257,76284288
"chr7",76284270,76284523
"chr7",76284270,76288011
"chr7",76284270,76288844
"chr7",76284270,76289907
"chr7",76284276,76284413
"chr7",76284289,76289053
"chr7",76284384,76284982
"chr7",76284409,76285294
"chr7",76284414,76284523
"chr7",76284513,76286064
"chr7",76284607,76286155
"chr7",76284608,76286157
"chr7",76284628,76284739
"chr7",76284628,76284986
"chr7",76284628,76285425
"chr7",76284628,76285614
"chr7",76284702,76284803
"chr7",76284839,76285614
"chr7",76284847,76285614
"chr7",76284934,76286152
"chr7",76284989,76285015
"chr7",76285048,76285384
"chr7",76285146,76285183
"chr7",76285184,76286367
"chr7",76285295,76287878
"chr7",76285319,76285362
"chr7",76285319,76288207
"chr7",76285385,76287895
"chr7",76285420,76286152
"chr7",76285501,76285614
"chr7",76285505,76285614
"chr7",76285645,76285710
"chr7",76285663,76285692
"chr7",76285663,76286274
"chr7",76285687,76285773
"chr7",76285738,76285761
"chr7",76285788,76285982
"chr7",76285797,76285912
"chr7",76285812,76287077
"chr7",76285818,76285968
"chr7",76285822,76285973
"chr7",76285824,76285855
"chr7",76285830,76285886
"chr7",76285864,76285886
"chr7",76285864,76285955
"chr7",76285866,76285904
"chr7",76285872,76285907
"chr7",76285872,76286084
"chr7",76285878,76285907
"chr7",76285887,76285919
"chr7",76285887,76286567
"chr7",76285887,76287152
"chr7",76285887,76287244
"chr7",76285924,76285986
"chr7",76285945,76285994
"chr7",76285946,76286079
"chr7",76285956,76286002
"chr7",76285956,76286099
"chr7",76286015,76286322
"chr7",76286039,76286152
"chr7",76286039,76286488
"chr7",76286068,76286293
"chr7",76286068,76286307
"chr7",76286079,76286547
"chr7",76286079,76286618
"chr7",76286079,76286658
"chr7",76286102,76286611
"chr7",76286102,76286687
"chr7",76286119,76286238
"chr7",76286131,76286624
"chr7",76286141,76286547
"chr7",76286148,76286484
"chr7",76286148,76286559
"chr7",76286157,76286183
"chr7",76286167,76286238
"chr7",76286167,76286946
"chr7",76286173,76286988
"chr7",76286180,76286223
"chr7",76286180,76287097
"chr7",76286188,76286232
"chr7",76286197,76286236
"chr7",76286202,76286307
"chr7",76286204,76286430
"chr7",76286208,76286238
"chr7",76286214,76286238
"chr7",76286214,76286293
"chr7",76286223,76286246
"chr7",76286247,76286336
"chr7",76286247,76289129
"chr7",76286247,76291288
"chr7",76286288,76286395
"chr7",76286303,76286334
"chr7",76286323,76286346
"chr7",76286323,76286357
"chr7",76286326,76286654
"chr7",76286368,76286465
"chr7",76286368,76286612
"chr7",76286395,76286526
"chr7",76286410,76286612
"chr7",76286410,76286649
"chr7",76286417,76286451
"chr7",76286422,76286608
"chr7",76286438,76286492
"chr7",76286439,76286526
"chr7",76286453,76286504
"chr7",76286466,76286526
"chr7",76286466,76286535
"chr7",76286466,76286597
"chr7",76286466,76286612
"chr7",76286484,76286583
"chr7",76286484,76286658
"chr7",76286495,76286671
"chr7",76286507,76286634
"chr7",76286507,76286654
"chr7",76286507,76286695
"chr7",76286527,76286612
"chr7",76286527,76286836
"chr7",76286527,76287044
"chr7",76286534,76286567
"chr7",76286535,76286621
"chr7",76286539,76286572
"chr7",76286543,76286649
"chr7",76286543,76286658
"chr7",76286547,76286583
"chr7",76286553,76286601
"chr7",76286555,76287044
"chr7",76286560,76286629
"chr7",76286560,76286649
"chr7",76286562,76286877
"chr7",76286568,76286647
"chr7",76286568,76286856
"chr7",76286573,76286687
"chr7",76286574,76286649
"chr7",76286579,76286649
"chr7",76286592,76286618
"chr7",76286592,76287044
"chr7",76286602,76286632
"chr7",76286618,76286841
"chr7",76286621,76286658
"chr7",76286621,76286918
"chr7",76286635,76286695
"chr7",76286635,76286704
"chr7",76286635,76286715
"chr7",76286635,76286722
"chr7",76286635,76286742
"chr7",76286642,76286702
"chr7",76286642,76286715
"chr7",76286642,76286740
"chr7",76286655,76286687
"chr7",76286655,76287010
"chr7",76286655,76289129
"chr7",76286672,76286715
"chr7",76286682,76286742
"chr7",76286688,76286715
"chr7",76286688,76286722
"chr7",76286696,76286722
"chr7",76286696,76286742
"chr7",76286696,76286769
"chr7",76286696,76286788
"chr7",76286712,76286735
"chr7",76286723,76286893
"chr7",76286732,76288128
"chr7",76286756,76286788
"chr7",76286769,76286804
"chr7",76286783,76286804
"chr7",76286793,76286818
"chr7",76286793,76286943
"chr7",76286797,76286841
"chr7",76286797,76287044
"chr7",76286812,76286931
"chr7",76286819,76287027
"chr7",76286826,76286893
"chr7",76286858,76286920
"chr7",76286860,76286906
"chr7",76286864,76286918
"chr7",76286866,76286898
"chr7",76286869,76286893
"chr7",76286900,76287064
"chr7",76286932,76287098
"chr7",76286954,76287022
"chr7",76286964,76287035
"chr7",76286981,76287044
"chr7",76286981,76287071
"chr7",76286985,76287027
"chr7",76286997,76287022
"chr7",76286998,76287031
"chr7",76287001,76287074
"chr7",76287003,76287036
"chr7",76287006,76287098
"chr7",76287006,76287160
"chr7",76287006,76287167
"chr7",76287012,76287118
"chr7",76287013,76287176
"chr7",76287021,76287118
"chr7",76287022,76287120
"chr7",76287040,76287098
"chr7",76287040,76287149
"chr7",76287045,76287071
"chr7",76287052,76287077
"chr7",76287116,76287149
"chr7",76287128,76287156
"chr7",76287290,76289129
"chr7",76287659,76288247
"chr7",76287858,76296187
"chr7",76288179,76288227
"chr7",76288835,76296302
"chr7",76289137,76290877
"chr7",76289923,76294105
"chr7",76290712,76294134
"chr7",76290822,76291279
"chr7",76291451,76291620
"chr7",76291801,76292017
"chr7",76292165,76293412
"chr7",76292165,76293415
"chr7",76292165,76293420
"chr7",76292802,76296567
"chr7",76292938,76296567
"chr7",76293209,76293268
"chr7",76293909,76295457
"chr7",76296335,76296708
